Tabular Random Search,BBO,TRS Error Bar,BBO Error Bar
-0.662643,-0.523956,0.0794611,0.0806186
-0.608847,-0.57167,0.0682562,0.0840605
-0.715007,-0.511865,0.0833825,0.0823817
-0.446348,-0.474606,0.0577442,0.0925947
-0.737271,-0.775027,0.0918233,0.1134
-0.701905,-0.56942,0.0839071,0.0941852
-0.631097,-0.388311,0.0739087,0.0632862
-0.644191,-0.426862,0.0779507,0.0718044
-0.564804,-0.554402,0.0741291,0.0771314
-0.582987,-0.557338,0.0698332,0.0954572
-0.326097,-0.581288,0.0633583,0.0947738
-0.458972,-0.354477,0.0931153,0.0553132
-0.344697,-0.693089,0.0849457,0.112744
-0.336522,-0.627515,0.0593214,0.101079
-0.331196,-0.486758,0.0756171,0.0770884
-0.412327,-0.582142,0.0912074,0.0908998
-0.384523,-0.644176,0.0720451,0.107846
-0.434052,-0.407966,0.0930199,0.068585
-0.517041,-0.536608,0.101377,0.0816692
-0.305077,-0.461418,0.0694098,0.0836751
-0.37793,-0.121249,0.0726322,0.054565
-0.344567,-0.172369,0.0712838,0.0627481
-0.475972,-0.139965,0.0913358,0.0612725
-0.309211,-0.170563,0.0745319,0.0535889
-0.273935,-0.153277,0.0555708,0.0516454
-0.407273,-0.240627,0.0788593,0.0681238
-0.454172,-0.182528,0.0966301,0.051393
-0.452127,-0.121272,0.0851817,0.0374059
-0.254356,-0.144496,0.053428,0.060547
-0.331629,-0.299779,0.0685216,0.0721116
-0.423783,-0.111549,0.0922163,0.0471188
-0.313996,-0.177202,0.0806573,0.0576694
-0.354508,-0.131318,0.0827536,0.0435855
-0.357477,-0.132213,0.0719657,0.0394878
-0.537719,-0.168446,0.0991491,0.0514026
-0.42912,-0.179283,0.093924,0.0464743
-0.455623,-0.166982,0.0853643,0.0543322
-0.56074,-0.18393,0.112549,0.0666117
-0.557036,-0.158035,0.0959176,0.0432844
-0.41893,-0.123129,0.0837205,0.0563115
-0.351554,-0.0444964,0.0739108,0.0516017
-0.230941,-0.0468076,0.0581758,0.0387311
-0.39622,-0.0889,0.0914946,0.0523378
-0.342852,-0.0323652,0.0823598,0.0484856
-0.41612,-0.049377,0.089586,0.0374548
-0.369325,-0.076735,0.0777507,0.0456052
-0.497768,-0.114448,0.103598,0.0511501
-0.440527,-0.125253,0.0821699,0.055553
-0.468362,-0.132712,0.0915478,0.0619779
-0.31198,-0.0374227,0.0776034,0.0406718
-0.25973,-0.123549,0.0794707,0.0604642
-0.416162,-0.0518178,0.101872,0.0355154
-0.285535,-0.106259,0.0745017,0.056798
-0.340777,-0.0261071,0.0779993,0.0380035
-0.374768,-0.102345,0.0899108,0.0358396
-0.42858,-0.125812,0.0974442,0.0398348
-0.397076,-0.0712739,0.106538,0.0477665
-0.234932,-0.111648,0.0570472,0.0513441
-0.469452,-0.056139,0.100655,0.0393444
-0.33579,-0.0978449,0.0784609,0.054963
-0.40703,0.00801615,0.0823015,0.0355229
-0.350993,-0.0283359,0.0784896,0.0498779
-0.408791,0.0190684,0.0831776,0.0396408
-0.390487,0.0154573,0.0884157,0.0344551
-0.377694,0.0101681,0.0716049,0.0323436
-0.417234,0.0752413,0.094812,0.028237
-0.540707,-0.00933096,0.0984672,0.0580119
-0.357797,-0.042609,0.0775513,0.047693
-0.35558,-0.018034,0.0866215,0.0414128
-0.34577,-0.119868,0.0649249,0.068712
-0.347664,-0.0468357,0.076122,0.05106
-0.450722,0.00586302,0.0999174,0.0487933
-0.551447,0.00237241,0.111118,0.0403723
-0.468658,-0.0465003,0.0915339,0.0567725
-0.428273,-0.0659251,0.0962469,0.0438796
-0.38863,-0.0555221,0.0824073,0.0365439
-0.513024,-0.00707757,0.106396,0.0389215
-0.585986,-0.00847005,0.123241,0.0510124
-0.536175,-0.0773351,0.105188,0.0627096
-0.368908,0.00364856,0.084635,0.0617937
-0.31057,0.0202208,0.0684258,0.0597621
-0.326077,0.0198645,0.0729371,0.0440123
-0.307905,-0.0330317,0.0770366,0.053567
-0.354661,0.0914491,0.0851533,0.032361
-0.285319,0.0518643,0.057498,0.0366656
-0.27514,0.0299075,0.0645233,0.0379754
-0.343076,-0.053302,0.0700363,0.0574273
-0.311468,0.0403917,0.0823445,0.0314475
-0.276849,-0.0279525,0.0630331,0.0489836
-0.385974,-0.00810697,0.0935478,0.0405415
-0.424503,0.0496084,0.0848519,0.0336556
-0.376565,0.0584145,0.0740585,0.0363134
-0.351261,-0.00255172,0.076737,0.0394878
-0.254075,-0.000116783,0.0586523,0.0389322
-0.511085,0.0716473,0.101618,0.0305377
-0.432018,0.0192125,0.0909323,0.0372323
-0.257547,0.0635105,0.05854,0.0298821
-0.344573,-0.00831167,0.072424,0.0406399
-0.247469,0.0693166,0.0522723,0.0435698
-0.284366,0.00334239,0.0695556,0.0353584
-0.345368,0.0719933,0.0948271,0.0390823
-0.290023,0.0242041,0.0743335,0.0448449
-0.424386,0.0578591,0.087475,0.0368071
-0.392441,0.0806175,0.076275,0.0392653
-0.339434,0.0767739,0.0865464,0.0397388
-0.344531,0.101732,0.0812595,0.0360631
-0.394378,0.0430761,0.0825281,0.0416642
-0.360895,0.10481,0.070388,0.0400446
-0.336352,0.0405884,0.074256,0.0570332
-0.419107,0.0670907,0.0874093,0.038091
-0.324778,0.005966,0.0832323,0.0536702
-0.211041,0.00242652,0.051615,0.0498865
-0.37426,0.0560077,0.0835087,0.033526
-0.325893,0.0858346,0.0695905,0.0398454
-0.277007,0.0200164,0.0724439,0.0532762
-0.281932,0.0503421,0.0795821,0.0434057
-0.3204,-0.00115238,0.0783154,0.0497475
-0.350522,0.135815,0.0797981,0.0403624
-0.393356,0.0489301,0.0887132,0.0407146
-0.250478,0.0140334,0.0571443,0.0327813
-0.414568,0.194351,0.0851601,0.0300767
-0.416608,0.122155,0.0856048,0.0409761
-0.314817,0.0515648,0.0626267,0.0553082
-0.329722,0.105075,0.0805836,0.0402105
-0.505421,0.183619,0.108485,0.0353485
-0.352039,0.0379409,0.085386,0.0444815
-0.344406,0.0280896,0.0687891,0.0483303
-0.333193,0.0569552,0.0704269,0.0454431
-0.260304,0.119932,0.0680822,0.0348363
-0.352694,0.107138,0.0675378,0.0400276
-0.268045,0.0530859,0.0590175,0.0456749
-0.350614,-0.032737,0.0812827,0.0651239
-0.420752,0.132221,0.0876343,0.0264044
-0.286012,0.0466521,0.0626645,0.0446385
-0.330815,0.109129,0.0829178,0.0273483
-0.273213,0.0774529,0.072826,0.0373418
-0.400121,0.1108,0.0762457,0.0428073
-0.411108,0.0897155,0.0881049,0.0430025
-0.335215,0.0159263,0.0737711,0.0547516
-0.384147,0.0813403,0.074585,0.0429188
-0.366699,0.095091,0.0778275,0.0521587
-0.373307,0.187302,0.0735907,0.0339613
-0.313726,0.123894,0.069997,0.0397101
-0.356596,0.0658028,0.0679229,0.0558552
-0.402597,0.195993,0.0849117,0.0353574
-0.33973,0.0986398,0.0825567,0.0401809
-0.377738,0.0749744,0.0749988,0.0613922
-0.343318,0.167995,0.0809346,0.0326641
-0.425675,0.131936,0.0768223,0.0343146
-0.383098,0.147547,0.0754181,0.0376174
-0.532187,0.0809233,0.102349,0.0485486
-0.442183,0.0991597,0.0846335,0.0405844
-0.47213,0.0889275,0.0832305,0.0505714
-0.45959,0.0617893,0.0923334,0.0648101
-0.457358,0.159395,0.100587,0.0319524
-0.342055,0.12378,0.0797451,0.0404258
-0.457781,0.167875,0.086892,0.0352932
-0.455386,0.163209,0.090587,0.0397174
-0.488801,-0.0023938,0.0963973,0.06927
-0.451906,0.155824,0.0888524,0.0317539
-0.30996,0.221514,0.0663366,0.0327681
-0.294441,0.232781,0.0752795,0.0358594
-0.23627,0.125795,0.04465,0.050462
-0.28337,0.164337,0.0558965,0.0344119
-0.329342,0.0500777,0.0681022,0.0648954
-0.262297,0.101861,0.0487172,0.048343
-0.31253,0.180615,0.0653555,0.0283912
-0.206998,0.144772,0.0468737,0.0443665
-0.352994,0.163206,0.0785112,0.0453079
-0.426709,0.164953,0.0903477,0.0399145
-0.291445,0.0769199,0.0603576,0.0555771
-0.420724,0.124537,0.0799561,0.0444603
-0.294518,0.0698643,0.0639825,0.0567942
-0.441984,0.100415,0.0863901,0.0499337
-0.430135,0.116355,0.0853893,0.0404492
-0.474071,0.0984096,0.0857276,0.0463088
-0.432119,0.194124,0.0913636,0.0334617
-0.408263,0.0978935,0.0968578,0.0621467
-0.396815,0.147572,0.0848741,0.0384336
-0.487842,0.0750829,0.0930066,0.0538256
-0.33426,0.228292,0.0696238,0.0475163
-0.228729,0.265419,0.0524946,0.0459823
-0.351634,0.207324,0.0733004,0.0468241
-0.267413,0.182296,0.0582794,0.044258
-0.314162,0.192735,0.0727022,0.036921
-0.28878,0.268355,0.0680251,0.0303763
-0.375944,0.146514,0.0788429,0.0550028
-0.27584,0.158516,0.063753,0.0433268
-0.298346,0.115488,0.0603415,0.0571602
-0.319008,0.214553,0.0736587,0.0466214
-0.414462,0.196632,0.0854896,0.0329442
-0.333806,0.120581,0.0601922,0.0499437
-0.337983,0.166842,0.0736552,0.0380739
-0.358644,0.121348,0.082709,0.049885
-0.319847,0.1246,0.0779984,0.0423402
-0.494961,0.137806,0.0923478,0.0365943
-0.223146,0.165415,0.0412642,0.0550371
-0.403814,0.223364,0.0879682,0.0371485
-0.325356,0.180627,0.0832133,0.0366088
-0.438243,0.153233,0.0869878,0.0430358
-0.22829,0.269329,0.056232,0.0373244
-0.343961,0.29426,0.0743484,0.0390381
-0.305973,0.225577,0.0609185,0.04427
-0.37513,0.277901,0.0882056,0.0380994
-0.39035,0.24123,0.0700191,0.0370049
-0.348823,0.193211,0.0776311,0.0496209
-0.397537,0.232554,0.0775708,0.0449128
-0.396304,0.208455,0.081182,0.0347442
-0.380623,0.222233,0.0852715,0.0393759
-0.547172,0.28499,0.114729,0.036526
-0.335057,0.182584,0.0727122,0.0520227
-0.302386,0.20062,0.0675985,0.0586224
-0.355293,0.196929,0.075571,0.0393385
-0.274863,0.149564,0.0691445,0.0483915
-0.41216,0.198944,0.0725831,0.0378453
-0.332057,0.155267,0.0697778,0.0711677
-0.446979,0.248568,0.0946262,0.0367361
-0.283035,0.154273,0.060482,0.0671038
-0.283153,0.13192,0.0622671,0.0488011
-0.290775,0.125058,0.0686325,0.0481373
-0.39437,0.295494,0.0914057,0.0415453
-0.479515,0.268507,0.0924205,0.0448788
-0.304481,0.25135,0.0750256,0.0497121
-0.447333,0.304289,0.0948466,0.037048
-0.430955,0.269657,0.104904,0.0355712
-0.399304,0.184429,0.0881998,0.046732
-0.346339,0.130642,0.0775249,0.0614049
-0.379924,0.20068,0.0835984,0.04883
-0.386842,0.257646,0.0931656,0.051554
-0.377639,0.214811,0.0790913,0.0501759
-0.432121,0.255438,0.0791054,0.0436373
-0.442055,0.202906,0.096172,0.0455531
-0.419547,0.123579,0.0813387,0.0626107
-0.47607,0.185467,0.0859078,0.0496861
-0.423821,0.188902,0.0871169,0.0480628
-0.423105,0.225889,0.076068,0.0472014
-0.46612,0.237919,0.105024,0.0492305
-0.273887,0.132267,0.0704417,0.0584903
-0.370761,0.224064,0.0840191,0.0458973
-0.496674,0.334842,0.0976815,0.0315983
-0.179958,0.267912,0.0490318,0.0573355
-0.214204,0.310441,0.0470232,0.0472107
-0.391176,0.354369,0.0761859,0.0394577
-0.387597,0.231689,0.0951119,0.0538884
-0.281479,0.280857,0.0725185,0.0436046
-0.126141,0.265118,0.0339743,0.0459958
-0.31005,0.225935,0.0660215,0.0550652
-0.303831,0.259611,0.0589017,0.04156
-0.313749,0.306016,0.0649236,0.0485042
-0.307629,0.346854,0.074531,0.038789
-0.429511,0.303981,0.0913279,0.0395236
-0.383264,0.262242,0.0959133,0.0535353
-0.294225,0.167418,0.0690401,0.0598138
-0.347269,0.225694,0.072203,0.0473151
-0.296904,0.23537,0.0622151,0.0481235
-0.256736,0.161053,0.0771944,0.0503024
-0.457388,0.328025,0.0945288,0.0355794
-0.356607,0.282647,0.0752243,0.0485056
-0.456024,0.207839,0.108365,0.052157
-0.406399,0.175931,0.0879041,0.0592782
-0.274733,0.379622,0.0724204,0.0359475
-0.347633,0.419197,0.0906045,0.0403108
-0.31845,0.354824,0.0737441,0.044833
-0.279782,0.356955,0.0671537,0.0386086
-0.244183,0.291716,0.0586384,0.0481104
-0.209711,0.33959,0.0600183,0.0364301
-0.300785,0.329693,0.0684821,0.038919
-0.314918,0.253615,0.084464,0.0542111
-0.272823,0.2887,0.0723692,0.0586629
-0.206166,0.338619,0.0485851,0.0438139
-0.447965,0.334007,0.088569,0.0390538
-0.432219,0.282103,0.0956453,0.0425413
-0.324641,0.21824,0.0678063,0.0509122
-0.447628,0.306999,0.0922701,0.0391955
-0.327835,0.222334,0.0765898,0.059266
-0.393841,0.180361,0.0795266,0.0634035
-0.335404,0.307352,0.0543943,0.0458245
-0.522038,0.312639,0.111514,0.0475996
-0.332451,0.336284,0.0543432,0.0362043
-0.484458,0.182309,0.0897388,0.0654079
-0.327905,0.415284,0.0881324,0.0525557
-0.389972,0.434095,0.079497,0.0519052
-0.317555,0.327257,0.0749027,0.0615677
-0.30339,0.34327,0.0743029,0.0497322
-0.423116,0.286187,0.0866256,0.0652169
-0.290276,0.248842,0.0775978,0.0597361
-0.36884,0.281606,0.0751844,0.0568366
-0.455182,0.351637,0.0955849,0.0497719
-0.345062,0.337069,0.0812158,0.0551487
-0.364698,0.326656,0.0764284,0.0563994
-0.232659,0.341707,0.0522159,0.0371224
-0.230851,0.343652,0.0514473,0.0434658
-0.219352,0.328474,0.0492063,0.050571
-0.318738,0.337099,0.0700769,0.0397273
-0.282243,0.319573,0.0579478,0.042336
-0.203015,0.306181,0.0364818,0.0484
-0.380054,0.30119,0.0817374,0.0624719
-0.273517,0.391502,0.0566326,0.0430632
-0.254324,0.256853,0.055678,0.0588075
-0.320647,0.271351,0.0662685,0.052205
-0.296062,0.409656,0.0619428,0.0585494
-0.371906,0.476211,0.0869971,0.0514974
-0.313983,0.469287,0.0724801,0.0433716
-0.329602,0.382158,0.0724641,0.0460182
-0.269471,0.342355,0.0573942,0.0613698
-0.431776,0.356842,0.0875243,0.0571909
-0.276686,0.361205,0.0642973,0.048406
-0.35224,0.424458,0.060484,0.03487
-0.350189,0.329818,0.0684112,0.05674
-0.369599,0.371696,0.0814596,0.0463517
-0.465129,0.37303,0.102093,0.0478846
-0.482557,0.420567,0.112567,0.0475864
-0.388175,0.265972,0.0784691,0.0628443
-0.363222,0.405683,0.0670208,0.0372315
-0.423199,0.364319,0.0843582,0.0427768
-0.423142,0.395413,0.0848598,0.037171
-0.322473,0.36013,0.0694338,0.0577203
-0.642643,0.409735,0.117634,0.0409214
-0.375803,0.452037,0.081466,0.0430733
-0.324142,0.325688,0.0738443,0.0587628
-0.39986,0.475596,0.0684139,0.0488492
-0.354293,0.47139,0.0756603,0.0545428
-0.36162,0.517831,0.0745774,0.0413033
-0.353886,0.519589,0.0779867,0.0408499
-0.397423,0.439148,0.0856642,0.0527334
-0.36246,0.539177,0.0780559,0.0393891
-0.376161,0.339709,0.0845047,0.0731636
-0.272981,0.392246,0.0564792,0.0500402
-0.409213,0.394489,0.0875184,0.0516096
-0.478224,0.488215,0.100197,0.0481901
-0.312274,0.359022,0.0687837,0.0525075
-0.327108,0.446983,0.0623927,0.0486837
-0.344602,0.440412,0.0675132,0.0374246
-0.465092,0.360717,0.0955902,0.0514103
-0.312494,0.410238,0.076321,0.0428522
-0.32509,0.340016,0.0757716,0.0514053
-0.436181,0.393511,0.0889768,0.0604273
-0.423405,0.394698,0.0738978,0.0532559
-0.462511,0.412907,0.0899256,0.0426948
-0.418328,0.367184,0.0918282,0.0528436
-0.342996,0.479976,0.0828924,0.0796674
-0.517441,0.536174,0.118263,0.0480692
-0.32061,0.436897,0.0826924,0.0612837
-0.267801,0.55462,0.0723525,0.0396675
-0.403444,0.389367,0.0807709,0.0590196
-0.310955,0.370217,0.07023,0.0724546
-0.406224,0.465077,0.0876065,0.0439332
-0.297968,0.474799,0.076299,0.0478925
-0.27852,0.487439,0.0523987,0.0449948
-0.383336,0.501428,0.0845221,0.0523075
-0.445553,0.540869,0.0962766,0.0488
-0.32791,0.44715,0.0741407,0.0527021
-0.418884,0.359223,0.091014,0.0558042
-0.394478,0.417047,0.0865142,0.0525427
-0.45036,0.441059,0.0840385,0.0475999
-0.489233,0.389489,0.106817,0.042803
-0.369235,0.480082,0.0808082,0.0550648
-0.450509,0.477993,0.0937104,0.0430477
-0.298221,0.324589,0.0703922,0.0565705
-0.355358,0.370757,0.0845359,0.0767752
-0.407492,0.605454,0.0929263,0.0447663
-0.297777,0.641916,0.05964,0.0540772
-0.326249,0.495719,0.0715605,0.0537481
-0.297382,0.535468,0.064665,0.0425938
-0.359258,0.462963,0.0693682,0.0544699
-0.405417,0.534546,0.0708012,0.0560767
-0.324814,0.521638,0.0707701,0.0517293
-0.344592,0.429298,0.0778701,0.0640517
-0.426833,0.540304,0.0862847,0.0618053
-0.474647,0.540317,0.112073,0.0515559
-0.28524,0.428029,0.0771408,0.0554981
-0.456447,0.475677,0.101722,0.0543499
-0.407683,0.548882,0.0890351,0.0395496
-0.43538,0.473661,0.0931555,0.0435364
-0.465135,0.45652,0.10478,0.0532553
-0.547614,0.439875,0.11508,0.0610186
-0.405311,0.518868,0.0883014,0.0617838
-0.376417,0.466447,0.0892376,0.0513629
-0.454316,0.560993,0.0997994,0.0483684
-0.397121,0.47752,0.108355,0.0669935
-0.289895,0.575445,0.0648007,0.06403
-0.276329,0.642919,0.0518477,0.0503662
-0.380498,0.638507,0.0850236,0.0421737
-0.296533,0.550017,0.0768704,0.0570404
-0.379822,0.577044,0.0838072,0.0460977
-0.188119,0.598118,0.0457022,0.0486688
-0.338357,0.606239,0.0833419,0.0427774
-0.2603,0.611917,0.0607517,0.0404531
-0.505389,0.64273,0.104226,0.0399039
-0.326265,0.587819,0.0620817,0.0605093
-0.331918,0.551726,0.0677457,0.0491541
-0.344919,0.512743,0.0798493,0.0456478
-0.340176,0.444869,0.0803877,0.0588257
-0.331705,0.527967,0.0853633,0.0628638
-0.339099,0.469853,0.0621846,0.0564114
-0.207998,0.457239,0.0439783,0.0466248
-0.417411,0.612718,0.0883079,0.0481859
-0.302805,0.499285,0.072792,0.0823616
-0.339313,0.504032,0.0696798,0.0543372
-0.228383,0.472288,0.05572,0.063161
-0.394273,0.684296,0.0779979,0.046029
-0.283544,0.667928,0.0604377,0.0572431
-0.46651,0.692032,0.0974184,0.0412646
-0.371262,0.573182,0.0640465,0.0713539
-0.367257,0.599117,0.0763385,0.0427648
-0.392709,0.553544,0.0826248,0.0513783
-0.321165,0.630549,0.0729943,0.0414217
-0.373241,0.560499,0.0780469,0.0595333
-0.425681,0.528176,0.0983653,0.0476011
-0.273021,0.564646,0.0639545,0.0520495
-0.354507,0.596652,0.0828709,0.0379216
-0.258683,0.534175,0.0546335,0.0510714
-0.288926,0.539152,0.066192,0.0499295
-0.420333,0.502167,0.0883001,0.0579851
-0.219541,0.500871,0.0456062,0.0600092
-0.274306,0.501809,0.0640851,0.0631062
-0.426138,0.497902,0.0811778,0.0595864
-0.321172,0.518523,0.0633277,0.05394
-0.28866,0.513596,0.0725946,0.0728381
-0.281493,0.552483,0.0577555,0.0690473
-0.459295,0.701938,0.101814,0.0525788
-0.402427,0.677433,0.090776,0.0515154
-0.294542,0.742526,0.0588612,0.0500539
-0.404277,0.688278,0.0890587,0.0525431
-0.449818,0.665128,0.0926683,0.0435171
-0.436805,0.600432,0.0962164,0.053697
-0.329835,0.694174,0.0784641,0.0455993
-0.349893,0.55366,0.0761757,0.0603611
-0.422994,0.632178,0.0844069,0.0606126
-0.371753,0.643044,0.0833904,0.0479878
-0.400275,0.610417,0.0894806,0.0558697
-0.435699,0.620072,0.0918011,0.044678
-0.541045,0.661259,0.115179,0.0483889
-0.330573,0.502726,0.0882254,0.0716894
-0.372179,0.469774,0.0886542,0.0615396
-0.277111,0.570066,0.0596893,0.0555806
-0.344699,0.512292,0.0939833,0.0603074
-0.32171,0.577357,0.0738612,0.0592204
-0.336089,0.593214,0.0786011,0.057388
-0.415056,0.489621,0.0948043,0.0695837
-0.387672,0.751902,0.0811392,0.0438068
-0.240026,0.515955,0.0681434,0.0774896
-0.444015,0.727345,0.0969666,0.0584413
-0.396802,0.60789,0.074713,0.0547097
-0.424112,0.653766,0.0995826,0.0676286
-0.383179,0.644718,0.0917302,0.0590773
-0.399499,0.690676,0.0826077,0.0537134
-0.359361,0.640315,0.0720804,0.0525508
-0.469266,0.58799,0.0851192,0.0562224
-0.26467,0.558906,0.0598999,0.0792563
-0.35914,0.618648,0.0708091,0.0708781
-0.281725,0.59718,0.0689053,0.0661509
-0.36167,0.531756,0.084062,0.0540767
-0.235684,0.54017,0.0543477,0.0536478
-0.284518,0.552318,0.0699471,0.0563084
-0.338906,0.581078,0.0726911,0.0474147
-0.294282,0.638512,0.0650616,0.06034
-0.385309,0.513835,0.0723467,0.0717048
-0.287836,0.551187,0.0663704,0.080612
-0.222251,0.573505,0.0471724,0.0555631
-0.298767,0.713819,0.0739476,0.0562528
-0.248811,0.830114,0.0673167,0.0511863
-0.261515,0.672715,0.0621276,0.0719612
-0.25278,0.696759,0.0588753,0.062236
-0.312701,0.779324,0.0621169,0.0505624
-0.444556,0.803125,0.0827749,0.0449183
-0.421067,0.68866,0.0846644,0.0552582
-0.294357,0.632426,0.0705953,0.0625129
-0.287179,0.744425,0.0643041,0.0460118
-0.358237,0.716737,0.0716995,0.0578704
-0.262464,0.639989,0.0515235,0.0603478
-0.390195,0.6009,0.0889993,0.0702584
-0.301191,0.707799,0.072567,0.0397546
-0.263869,0.717865,0.061673,0.0523186
-0.431425,0.568487,0.0915649,0.059428
-0.347959,0.674936,0.0764495,0.0562082
-0.428023,0.742765,0.0910782,0.0466169
-0.263924,0.705959,0.0573493,0.060767
-0.304256,0.68631,0.0708489,0.0455442
-0.216448,0.651002,0.0514317,0.0633073
-0.390534,0.801919,0.0893371,0.0604982
-0.445056,0.739364,0.0997783,0.0772566
-0.288824,0.7068,0.0818961,0.0539368
-0.165416,0.838383,0.0433271,0.0498289
-0.259551,0.814696,0.073209,0.0478808
-0.196703,0.780226,0.047739,0.0532374
-0.321278,0.687815,0.0725443,0.0619328
-0.234327,0.828103,0.0608955,0.0487224
-0.211185,0.745922,0.05674,0.0554955
-0.221456,0.611404,0.049884,0.0710082
-0.391517,0.74601,0.0769388,0.054585
-0.399944,0.743576,0.0793744,0.0499965
-0.484575,0.704339,0.0996806,0.0651414
-0.468237,0.653634,0.096096,0.045635
-0.459821,0.682584,0.0989877,0.0504378
-0.348376,0.622108,0.0784657,0.0623737
-0.475547,0.703311,0.0927725,0.0573206
-0.473268,0.728529,0.0967649,0.0519063
-0.419242,0.682911,0.0858829,0.0537543
-0.361899,0.674364,0.079785,0.0478063
-0.472942,0.828101,0.103316,0.0522491
-0.399327,0.817765,0.0837786,0.0588678
-0.464216,0.786089,0.0939117,0.0508122
-0.364822,0.85028,0.0721614,0.0538215
-0.307053,0.755121,0.0618737,0.0536401
-0.413469,0.783898,0.0836724,0.0592771
-0.375376,0.765673,0.0819947,0.0577521
-0.318081,0.749546,0.0635547,0.0569218
-0.369202,0.777938,0.0823572,0.0589024
-0.295984,0.749758,0.0583891,0.0609243
-0.38407,0.830973,0.083979,0.04963
-0.404127,0.750241,0.0839265,0.0697228
-0.45164,0.671829,0.0786231,0.0673078
-0.291853,0.651642,0.0695422,0.0605593
-0.352993,0.678246,0.0781064,0.0544918
-0.305244,0.645631,0.0701023,0.0557336
-0.351528,0.699614,0.0796452,0.0621679
-0.34614,0.697977,0.0692992,0.0772856
-0.301759,0.781882,0.0758417,0.0525236
-0.236808,0.773755,0.058803,0.0553893
-0.510917,0.955045,0.109641,0.05368
-0.43923,0.866595,0.0897145,0.0679013
-0.45145,0.815517,0.0995651,0.057867
-0.26956,0.867598,0.0660775,0.0495829
-0.410878,0.806235,0.097126,0.0604929
-0.370746,0.792173,0.0997039,0.0742994
-0.34181,0.910639,0.0744821,0.0425917
-0.309775,0.755999,0.0650559,0.0545463
-0.352643,0.819695,0.0788404,0.050963
-0.342087,0.812504,0.0704609,0.069962
-0.364488,0.795057,0.0777471,0.0510178
-0.471338,0.69713,0.0867166,0.0623306
-0.353656,0.746134,0.082677,0.069863
-0.435345,0.773527,0.0977537,0.0501805
-0.559429,0.645898,0.114972,0.0622609
-0.405938,0.583792,0.0964804,0.0734365
-0.418031,0.783222,0.0899662,0.0664897
-0.504357,0.699267,0.105885,0.0785816
-0.486257,0.675572,0.0903223,0.0690008
-0.403167,0.686213,0.0878515,0.0738853
-0.339314,0.994866,0.077273,0.050525
-0.40796,0.936077,0.093499,0.0596667
-0.506312,0.823792,0.110245,0.0604719
-0.435847,0.964904,0.0977154,0.053342
-0.263444,0.821246,0.0708053,0.0649321
-0.246627,0.803965,0.057979,0.0584018
-0.327057,0.870581,0.0625059,0.0469839
-0.319888,0.874973,0.0718285,0.0462858
-0.592963,0.897774,0.103261,0.0510008
-0.328161,0.875759,0.0652294,0.0610443
-0.25,0.715828,0.0533618,0.0680534
-0.382827,0.80493,0.090124,0.0588148
-0.350545,0.711517,0.0832483,0.0787086
-0.514749,0.851005,0.105569,0.0460548
-0.387791,0.692178,0.0952399,0.0604895
-0.285821,0.724706,0.0553535,0.0520028
-0.439081,0.846695,0.0916212,0.0683278
-0.514945,0.827256,0.110942,0.052799
-0.304979,0.783784,0.0761204,0.0539528
-0.27136,0.862227,0.0810923,0.056532
-0.419277,0.930863,0.0800044,0.0532255
-0.528196,0.889907,0.0993915,0.0681176
-0.460788,0.86197,0.089954,0.055957
-0.438216,0.918465,0.0903776,0.0580149
-0.49965,0.831137,0.0879297,0.0674053
-0.432004,0.994314,0.0860741,0.0542444
-0.461246,0.842228,0.0891277,0.0615548
-0.530961,0.839949,0.100804,0.0586804
-0.376271,0.849455,0.0892169,0.0512799
-0.421972,0.892781,0.0902339,0.0592457
-0.305111,0.77693,0.0641851,0.0589178
-0.246864,0.824431,0.0665574,0.0543208
-0.311662,0.841299,0.0744815,0.0447812
-0.215897,0.850431,0.0484602,0.0559227
-0.210393,0.733951,0.054356,0.0575393
-0.346413,0.706741,0.0859292,0.0679709
-0.309161,0.918707,0.0708556,0.0618948
-0.23917,0.805181,0.0546871,0.0720676
-0.256998,0.883603,0.0609189,0.0513474
-0.23285,0.759112,0.0494672,0.0695974
-0.396808,1.01287,0.086391,0.0620657
-0.25526,0.902469,0.060333,0.071882
-0.392375,0.96632,0.0751718,0.063798
-0.336248,0.885331,0.0764207,0.0616956
-0.264672,0.899381,0.0781928,0.0707946
-0.342114,0.909885,0.0773957,0.0602399
-0.446437,0.939029,0.0924295,0.0634616
-0.340744,0.773694,0.0796338,0.0736378
-0.273514,0.945515,0.069486,0.0556452
-0.281089,0.827668,0.0616333,0.0683591
-0.449253,0.811329,0.105446,0.0622921
-0.39792,0.90599,0.0898359,0.0531074
-0.341811,0.867396,0.0750519,0.0555261
-0.329653,0.886291,0.0706577,0.0582104
-0.349223,0.783992,0.0833568,0.0661116
-0.411595,0.83368,0.0914988,0.0512217
-0.406227,0.88466,0.100337,0.0605543
-0.309455,0.913003,0.0832679,0.0600841
-0.403206,0.790601,0.0835547,0.067938
-0.434911,0.825074,0.100874,0.0634932
-0.388118,1.01491,0.071705,0.0650123
-0.336467,1.05151,0.0668623,0.0566132
-0.445317,0.997345,0.0950792,0.0538839
-0.365812,0.945748,0.0772239,0.0701393
-0.481767,1.04131,0.100364,0.0575235
-0.443578,0.950927,0.0948087,0.0601705
-0.475316,0.958425,0.0945488,0.0600161
-0.562972,0.906631,0.0975801,0.0588127
-0.337726,0.932024,0.0726373,0.0601124
-0.541749,0.951049,0.111942,0.0692997
-0.352439,0.92148,0.0804247,0.0609531
-0.461414,0.823707,0.0822632,0.0678379
-0.355055,0.892298,0.0680977,0.0612337
-0.52568,0.817863,0.110003,0.075942
-0.34344,0.791446,0.07603,0.0662726
-0.494782,0.869336,0.100539,0.0595298
-0.378543,0.926164,0.0812543,0.0669882
-0.375823,0.840406,0.0728443,0.067886
-0.340761,0.780505,0.0667144,0.0586836
-0.526586,0.88189,0.109371,0.0608678
-0.509025,1.03115,0.100949,0.0648366
-0.360097,1.07147,0.0749783,0.0741403
-0.36716,0.983089,0.0713521,0.0578052
-0.313592,0.951437,0.0637385,0.0580156
-0.492379,0.96206,0.0948983,0.0631965
-0.388061,1.00141,0.0777855,0.0570972
-0.489134,0.958882,0.0910139,0.0574484
-0.360279,1.01173,0.0784847,0.0641793
-0.539065,0.916276,0.109442,0.0748312
-0.362063,1.00207,0.0788027,0.0619016
-0.326904,0.99211,0.066423,0.0657661
-0.442338,0.919555,0.0943167,0.054838
-0.379447,0.808827,0.0672092,0.0740953
-0.269646,0.854568,0.06524,0.076673
-0.454061,0.881354,0.0858854,0.0745021
-0.294092,0.927664,0.0568039,0.0502675
-0.350197,1.03415,0.0722891,0.0481378
-0.399584,1.00287,0.0859436,0.0601831
-0.262336,0.911285,0.0658521,0.0641901
-0.554222,0.910978,0.10612,0.062101
-0.380866,1.13756,0.0886271,0.0573663
-0.297382,1.11164,0.0680033,0.0574687
-0.400461,1.03189,0.0933381,0.0673901
-0.384544,0.894366,0.079612,0.0902647
-0.389681,1.03477,0.0840911,0.0599809
-0.389182,0.960111,0.0770203,0.0657622
-0.405394,1.02131,0.0778791,0.0681266
-0.280016,0.980749,0.0623128,0.0720366
-0.310945,0.996997,0.059357,0.0572136
-0.328728,1.06728,0.0727564,0.0585984
-0.334846,0.946086,0.0710503,0.0596409
-0.351863,1.07485,0.0781562,0.0652121
-0.426585,0.956212,0.0939869,0.0587686
-0.28534,0.925223,0.0675246,0.07194
-0.426758,0.926542,0.0849492,0.0560402
-0.374893,0.893146,0.0882623,0.0647734
-0.357949,0.981259,0.0694422,0.0639171
-0.218809,0.869937,0.051623,0.0932765
-0.325205,0.906536,0.0618911,0.0691961
-0.209841,0.905556,0.0449995,0.0700872
-0.332585,0.922217,0.0669391,0.0957686
-0.39962,1.10097,0.0809034,0.0574312
-0.444331,1.10012,0.0844296,0.0663605
-0.488484,1.01315,0.0850435,0.0718313
-0.51244,1.08092,0.0844611,0.0638299
-0.583107,1.19283,0.116185,0.0632561
-0.591678,0.995562,0.110155,0.0659119
-0.52955,1.00885,0.103371,0.0612639
-0.31619,1.01501,0.0675705,0.0752591
-0.569647,1.13273,0.118439,0.0505016
-0.272454,1.07485,0.0613038,0.0552384
-0.298481,1.06422,0.0769905,0.0601439
-0.378525,1.00749,0.0683582,0.0697729
-0.324177,0.940157,0.0715042,0.0712934
-0.253246,0.918214,0.0634727,0.0550894
-0.429167,1.05798,0.0970955,0.0495405
-0.267083,0.936185,0.0666866,0.0698579
-0.311607,0.995059,0.0751408,0.0711332
-0.263939,0.936506,0.0711,0.0569014
-0.296082,1.03496,0.0662701,0.071096
-0.519715,1.0543,0.105616,0.081269
-0.387064,1.13603,0.074584,0.0668259
-0.347495,1.10746,0.0652055,0.0663686
-0.492413,1.09121,0.107234,0.058283
-0.308246,1.02894,0.0639828,0.0684989
-0.419691,1.09333,0.0886145,0.0621097
-0.413454,1.06887,0.098322,0.0622899
-0.368616,1.18912,0.0795166,0.0478232
-0.317782,1.08435,0.0729145,0.0712892
-0.41087,1.06188,0.0978331,0.063076
-0.235116,1.06164,0.056154,0.0529785
-0.487712,0.977984,0.0985059,0.0629776
-0.373668,1.03924,0.0809169,0.0551872
-0.387849,1.06481,0.0881404,0.0576406
-0.324349,0.989873,0.0600276,0.069569
-0.501798,1.10547,0.0943842,0.0532144
-0.280394,1.15777,0.0505655,0.0573248
-0.362488,0.927529,0.0847683,0.0783907
-0.328053,1.05712,0.0622467,0.0561408
-0.467498,0.992386,0.0918437,0.063163
-0.495251,1.20605,0.104542,0.0673496
-0.339609,1.24613,0.074913,0.0572167
-0.343192,1.14967,0.0723285,0.0859803
-0.385713,1.10545,0.0847015,0.082767
-0.353122,1.17485,0.0788461,0.0512593
-0.286611,1.19304,0.0671126,0.055796
-0.358985,1.16298,0.0869802,0.0528462
-0.368528,1.09161,0.074844,0.0553271
-0.263286,1.0855,0.0653803,0.0708947
-0.345346,1.17598,0.0703174,0.0581074
-0.351702,0.966006,0.083205,0.0842963
-0.408238,0.825468,0.084844,0.0988769
-0.42562,0.879494,0.0871827,0.0851206
-0.247527,1.04168,0.0517611,0.061026
-0.37137,1.02057,0.0844894,0.060717
-0.337454,0.909892,0.0710818,0.0756831
-0.492114,1.13429,0.0941588,0.0642723
-0.448021,1.10803,0.0860453,0.0701067
-0.504984,1.12527,0.102295,0.0646103
-0.350654,1.07669,0.0662511,0.0595232
-0.366315,1.0077,0.0841941,0.0901959
-0.547525,1.27299,0.105831,0.071494
-0.234049,1.26748,0.0638949,0.0500093
-0.393397,1.19856,0.0825629,0.0543635
-0.376044,1.1725,0.087426,0.0649632
-0.32342,1.13874,0.0776731,0.0685637
-0.239962,1.18116,0.0691637,0.0707816
-0.332906,1.13911,0.0699028,0.0631053
-0.319378,1.1577,0.0654316,0.0576931
-0.420973,1.19091,0.0944341,0.0724848
-0.293953,1.07934,0.0666413,0.064003
-0.292335,1.11027,0.0645045,0.0636306
-0.324138,1.02524,0.0666051,0.0834101
-0.483873,1.14426,0.105355,0.0589694
-0.398596,1.05176,0.0836345,0.0675349
-0.376253,1.04954,0.0732893,0.0754292
-0.398378,1.07889,0.0982187,0.0691342
-0.312595,1.153,0.0574232,0.0667701
-0.387892,0.982221,0.0824911,0.0709873
-0.357814,1.15653,0.0752035,0.0587776
-0.222339,1.28516,0.0503334,0.0698732
-0.375965,1.35519,0.0713595,0.0592031
-0.253466,1.26296,0.0518741,0.0686672
-0.393122,1.29678,0.0792521,0.058945
-0.234026,1.31399,0.0573653,0.0485244
-0.452813,1.15668,0.0969756,0.05781
-0.356878,1.23692,0.0722296,0.0606606
-0.270136,1.18431,0.0512315,0.0736735
-0.422401,1.218,0.0773523,0.0610668
-0.319352,1.17153,0.0637964,0.0596833
-0.453739,1.14447,0.108357,0.0787226
-0.403986,1.12341,0.0877774,0.0749858
-0.197532,1.04084,0.0536437,0.0682556
-0.378403,1.12381,0.0823894,0.0747982
-0.270531,1.11508,0.0499467,0.0558074
-0.249563,1.05629,0.0525365,0.0655362
-0.311739,1.21451,0.0736048,0.0582584
-0.295319,1.26622,0.0658772,0.072169
-0.359666,1.15731,0.0705153,0.0604516
-0.224472,1.21808,0.0563821,0.0604145
-0.357245,1.43124,0.07936,0.0580501
-0.291851,1.40249,0.0569095,0.0569342
-0.296997,1.15464,0.0748297,0.0797588
-0.324853,1.34602,0.06999,0.0594008
-0.396069,1.17302,0.0827241,0.0749782
-0.399784,1.40365,0.0936709,0.0537133
-0.332257,1.25485,0.0714176,0.0650684
-0.394693,1.31234,0.0864086,0.0514292
-0.456199,1.12654,0.0929536,0.0713143
-0.314246,1.18016,0.0704044,0.0720461
-0.403792,1.20183,0.0876851,0.0653171
-0.318365,1.19219,0.0691377,0.0581864
-0.387067,1.13955,0.0872728,0.0661565
-0.395188,1.18987,0.0960184,0.0649601
-0.334889,1.22405,0.0757399,0.0527824
-0.60194,1.20946,0.115636,0.0676324
-0.367539,1.23319,0.0786263,0.0762013
-0.325767,1.20696,0.0748993,0.0657725
-0.488865,1.248,0.104214,0.0603686
-0.50863,1.14849,0.106953,0.0678387
-0.405227,1.35566,0.0760176,0.0716494
-0.437243,1.29024,0.0937291,0.0698787
-0.411413,1.29359,0.0852469,0.0659484
-0.378673,1.34177,0.0754962,0.0725131
-0.395481,1.27697,0.101315,0.0614906
-0.426453,1.28266,0.0692053,0.0657666
-0.507307,1.32049,0.0997459,0.058632
-0.43921,1.22032,0.0907672,0.0735637
-0.48787,1.33561,0.103242,0.0550715
-0.603625,1.22826,0.119058,0.0763884
-0.431135,1.28253,0.0935552,0.068032
-0.413118,1.22547,0.0817556,0.0713367
-0.315354,1.28602,0.0608041,0.0560063
-0.359357,1.13884,0.0726192,0.0825296
-0.367489,1.27698,0.0848967,0.056144
-0.475073,1.24929,0.0922802,0.0651028
-0.441572,1.22558,0.0876857,0.0590321
-0.399127,1.17466,0.0828833,0.0673438
-0.360128,1.27216,0.0772927,0.0636763
-0.501645,1.24967,0.101268,0.0563763
-0.269074,1.35001,0.0566257,0.0784396
-0.514119,1.33063,0.0980249,0.0665478
-0.397675,1.40795,0.0825389,0.0610169
-0.271072,1.36642,0.0727854,0.0647853
-0.442764,1.24021,0.0984917,0.0811622
-0.392624,1.37913,0.0915017,0.0575859
-0.45681,1.26229,0.0926839,0.067342
-0.371521,1.32167,0.0737309,0.064759
-0.474238,1.35874,0.112462,0.058197
-0.348338,1.18636,0.0785982,0.0807084
-0.353735,1.19395,0.0700403,0.0713552
-0.514269,1.19918,0.0934594,0.0727902
-0.450471,1.22855,0.0815309,0.0636238
-0.328743,1.20158,0.0777391,0.0692395
-0.401095,1.21531,0.0792955,0.0758065
-0.416278,1.23875,0.0880182,0.0805093
-0.447037,1.3118,0.0903636,0.059641
-0.405607,1.24986,0.0765013,0.072077
-0.420679,1.31834,0.076889,0.0672484
-0.525831,1.31121,0.101846,0.060013
-0.344219,1.47998,0.0820555,0.055087
-0.344916,1.42355,0.074321,0.0601707
-0.281802,1.41898,0.0633856,0.0629602
-0.311172,1.28892,0.0674991,0.0700861
-0.209894,1.44161,0.056017,0.0628027
-0.38899,1.3372,0.0844566,0.0713007
-0.277748,1.34705,0.0587682,0.0561682
-0.337206,1.24904,0.0752422,0.0830569
-0.321273,1.23908,0.0708119,0.0919462
-0.292456,1.31469,0.0581019,0.056663
-0.421579,1.38077,0.0789378,0.0551078
-0.32985,1.18217,0.0706847,0.0837753
-0.280848,1.24071,0.0678553,0.0762933
-0.292983,1.25063,0.0717265,0.0778597
-0.393338,1.22267,0.0826721,0.0625385
-0.368009,1.22276,0.0841921,0.0688378
-0.437035,1.28664,0.0908163,0.0696837
-0.425339,1.36552,0.081881,0.0673542
-0.43467,1.18054,0.0923651,0.0893291
-0.409837,1.21428,0.0846776,0.0867436
-0.377616,1.49081,0.071228,0.0524712
-0.248682,1.38576,0.0473232,0.0676796
-0.302625,1.41568,0.0663032,0.0749852
-0.272914,1.40903,0.0686131,0.0865861
-0.32181,1.38104,0.0786503,0.0682889
-0.278769,1.3286,0.0573792,0.076031
-0.33856,1.45214,0.0867447,0.0584822
-0.346422,1.43284,0.0669327,0.0572083
-0.318715,1.25958,0.0707427,0.0767371
-0.275508,1.30003,0.0604697,0.0691578
-0.266821,1.34349,0.0755151,0.0666508
-0.365877,1.28829,0.0882737,0.0646369
-0.361885,1.29892,0.0793468,0.0743212
-0.420653,1.28137,0.0879691,0.0716518
-0.345169,1.29824,0.0870418,0.0565725
-0.30781,1.28647,0.0700537,0.0672678
-0.315412,1.36318,0.0661702,0.064258
-0.324587,1.42015,0.0703489,0.0677724
-0.41602,1.32286,0.0866308,0.0753236
-0.266514,1.36503,0.052772,0.0608551
-0.378778,1.36631,0.0719067,0.0849251
-0.263958,1.54815,0.05772,0.0676811
-0.366878,1.67399,0.0801507,0.0501272
-0.404189,1.48333,0.0808924,0.071284
-0.407364,1.51561,0.0850303,0.0583251
-0.367673,1.42227,0.0821785,0.0601136
-0.397916,1.35042,0.0851101,0.07614
-0.347724,1.4631,0.072282,0.0686137
-0.433526,1.3845,0.0797918,0.0654695
-0.413232,1.35942,0.100101,0.067131
-0.340221,1.40639,0.0741168,0.0604722
-0.354129,1.36072,0.0727723,0.0611869
-0.295173,1.29966,0.0606334,0.0767218
-0.35067,1.34945,0.0694397,0.0766037
-0.263542,1.21845,0.0553248,0.0792058
-0.240292,1.26178,0.0538297,0.0689139
-0.353559,1.36643,0.0758039,0.0567738
-0.346895,1.4671,0.0688265,0.0678113
-0.451353,1.28093,0.0818344,0.0866594
-0.303326,1.34089,0.0576389,0.0719289
-0.414941,1.54805,0.0866143,0.064142
-0.43427,1.41759,0.0926007,0.0754395
-0.390737,1.53631,0.0868436,0.0598063
-0.47148,1.56284,0.0889466,0.0621976
-0.394892,1.47795,0.0787598,0.0661676
-0.403646,1.50043,0.0949924,0.0626578
-0.521298,1.52013,0.112039,0.0609841
-0.30155,1.50897,0.0763876,0.0578245
-0.38445,1.48692,0.0815117,0.0610393
-0.349653,1.48353,0.0691083,0.0630274
-0.308077,1.43033,0.0719148,0.0639783
-0.250024,1.31097,0.0540298,0.0746871
-0.29825,1.42921,0.0619146,0.0765321
-0.288487,1.28006,0.0775149,0.0860134
-0.307292,1.27656,0.0694649,0.0735662
-0.341583,1.37894,0.0737583,0.0680655
-0.384593,1.54343,0.0920075,0.0637046
-0.257951,1.61631,0.0671342,0.0569342
-0.377783,1.43251,0.0795152,0.0692713
-0.239815,1.34799,0.0613716,0.0745211
0.419484,1.59906,0.0385948,0.0586126
0.357373,1.48585,0.0633555,0.0766431
0.344924,1.47172,0.0573821,0.0741184
0.275696,1.53151,0.0658462,0.0702696
0.346617,1.52906,0.049112,0.0862219
0.296047,1.64102,0.055,0.0669652
0.438422,1.57726,0.0421373,0.068655
0.381639,1.49623,0.0417569,0.0819131
0.384952,1.38134,0.0657685,0.0987493
0.250735,1.50036,0.0788802,0.0780775
0.34859,1.5112,0.03914,0.0676951
0.346196,1.53147,0.0751098,0.0770676
0.288603,1.58718,0.0439572,0.0620465
0.280425,1.60191,0.065802,0.0708434
0.346931,1.60804,0.049334,0.0581675
0.306866,1.54998,0.0483447,0.061052
0.383544,1.49667,0.0471138,0.0765731
0.302279,1.54855,0.0500628,0.0634701
0.3706,1.51476,0.0448794,0.0711849
0.268226,1.53064,0.0702456,0.0684682
0.383092,1.49526,0.0383478,0.0604724
0.322914,1.50307,0.0693371,0.0832146
0.36112,1.59293,0.0520636,0.0672646
0.27833,1.48601,0.0539731,0.0740004
0.274276,1.52401,0.0605018,0.0771108
0.392263,1.5552,0.0393937,0.0802094
0.470915,1.55741,0.0318651,0.0718489
0.294433,1.4536,0.0630093,0.0795319
0.271315,1.48592,0.0750489,0.0701879
0.476592,1.42249,0.0429773,0.0799534
0.384882,1.50492,0.0484199,0.0787294
0.264053,1.54275,0.0822448,0.0686494
0.356109,1.49937,0.0527545,0.0767603
0.35227,1.60531,0.0602497,0.0556524
0.432498,1.50575,0.0398062,0.0630836
0.259032,1.54831,0.0610511,0.078746
0.40749,1.48491,0.0520066,0.0760921
0.342912,1.61298,0.0879023,0.0653129
0.360424,1.54078,0.0515502,0.0641477
0.379823,1.5619,0.0501637,0.0779848
0.313051,1.60452,0.0632928,0.0593466
0.365709,1.52296,0.0493403,0.0717018
0.409455,1.51902,0.0516657,0.0653311
0.419725,1.55601,0.0594568,0.0758236
0.334184,1.55945,0.0527916,0.0662044
0.383632,1.61878,0.0449036,0.0622299
0.365768,1.5088,0.0582129,0.0787995
0.413627,1.61575,0.0378944,0.0679439
0.369933,1.61857,0.0506247,0.0756644
0.39848,1.55244,0.0354132,0.0733626
0.355736,1.4715,0.0459807,0.07227
0.228735,1.51036,0.0727472,0.0913817
0.417913,1.61396,0.0428063,0.0599003
0.300835,1.51063,0.0700122,0.0639297
0.325997,1.56367,0.0598037,0.0708578
0.365996,1.58421,0.0543061,0.0742691
0.281481,1.52274,0.0577017,0.0733543
0.328745,1.54682,0.0592987,0.0646988
0.418067,1.56326,0.0355751,0.0786277
0.415655,1.44603,0.0492221,0.0756098
0.226414,1.56761,0.054982,0.0626162
0.423008,1.53787,0.046739,0.0731141
0.382605,1.5382,0.0539614,0.0785047
0.339968,1.53715,0.055,0.0682797
0.290436,1.6335,0.0635346,0.062569
0.443417,1.47107,0.0419402,0.071523
0.347785,1.48042,0.0675419,0.0709505
0.378266,1.59149,0.0396233,0.0613199
0.426154,1.5294,0.0430496,0.0690961
0.336857,1.61106,0.0492864,0.060261
0.314191,1.59691,0.0651763,0.0653248
0.344385,1.55711,0.0582177,0.0627811
0.364721,1.5448,0.0491498,0.0688025
0.41453,1.43412,0.0423423,0.0836895
0.370341,1.55013,0.058231,0.0812396
0.312946,1.63475,0.0663222,0.0696671
0.378234,1.54515,0.0433538,0.0768534
0.431685,1.56471,0.0525827,0.0783412
0.377271,1.57702,0.0445671,0.061507
0.431157,1.5325,0.0604191,0.0642237
0.362493,1.52092,0.0594026,0.0824995
0.337013,1.62205,0.0542797,0.0699258
0.317949,1.55382,0.065889,0.0751173
0.343033,1.46757,0.0516688,0.0818043
0.293156,1.49791,0.0627474,0.0643259
0.41938,1.50983,0.0417088,0.079421
0.3529,1.55986,0.0535809,0.0697844
0.288305,1.46959,0.0560808,0.0771778
0.318176,1.60887,0.0561278,0.0615514
0.365421,1.63029,0.0606246,0.063058
0.412059,1.6333,0.0332292,0.0549321
0.310309,1.60951,0.052545,0.063033
0.286181,1.46651,0.0533745,0.0942487
0.392694,1.54357,0.0578917,0.0689722
0.364098,1.6845,0.0600037,0.0604561
0.350411,1.39147,0.0564108,0.0853343
0.37614,1.54518,0.0477391,0.0618528
0.400241,1.5062,0.0476062,0.0794774
0.360913,1.51998,0.0497682,0.064339
0.389674,1.5045,0.0435249,0.0766284
